desc,batch,seq,d_in,d_out,mul_count,plain_ms,mpc_ms,slowdown,error
ľę–°,1,4,8,8,256,3.217617670694987,27.75394916534424,8.62562056956554,4.366040229797363e-06
–°,1,4,32,32,4096,0.333706537882487,416.2536859512329,1247.3644915456061,1.0289251804351807e-05
÷––°,1,4,64,64,16384,0.0,1685.1239204406738,inf,1.659989356994629e-05
